passenger_count,count,min_total_for_dist,avg_total_for_dist,max_total_for_dist
1,6618314,0.0030581039755351682,4.433092627106867,9961902.0
2,1424388,0.0031759474910014822,4.448617182613323,9999.0
3,395193,0.03003003003003003,4.41618297414965,9996.0
4,182029,0.03003003003003003,4.4086868214134585,9996.0
5,443869,0.03003003003003003,4.389868850820743,9996.0
6,262540,0.03003003003003003,4.396327382532651,9996.0
7,28,0.16883116883116883,6.888320785860944,9756.0
8,34,11.858823529411765,8.542992901305242,9696.0
9,35,0.04239130434782609,10.628551273007123,4790.0
